<?xml version="1.0" encoding="UTF-8"?>
<beans xmlns="http://www.springframework.org/schema/beans"
	xmlns:xsi="http://www.w3.org/2001/XMLSchema-instance" xmlns:p="http://www.springframework.org/schema/p"
	xmlns:aop="http://www.springframework.org/schema/aop" xmlns:tx="http://www.springframework.org/schema/tx"
	xmlns:mvc="http://www.springframework.org/schema/mvc" xmlns:context="http://www.springframework.org/schema/context"
	xsi:schemaLocation="http://www.springframework.org/schema/beans http://www.springframework.org/schema/beans/spring-beans-3.0.xsd
       http://www.springframework.org/schema/context http://www.springframework.org/schema/context/spring-context-3.0.xsd
       http://www.springframework.org/schema/aop http://www.springframework.org/schema/aop/spring-aop-3.0.xsd
       http://www.springframework.org/schema/tx http://www.springframework.org/schema/tx/spring-tx-3.0.xsd
       http://www.springframework.org/schema/mvc http://www.springframework.org/schema/mvc/spring-mvc-3.0.xsd">

	<!-- This will automatically locate any and all property files you have 
		within your classpath, provided they fall under the META-INF directory. The 
		located property files are parsed and their values can then be used within 
		application context files in the form of ${propertyKey}. -->

	<context:annotation-config />

	<context:component-scan base-package="com.app" />
	<mvc:annotation-driven />

	<bean
		class="org.springframework.web.servlet.view.InternalResourceViewResolver">
		<property name="prefix" value="/" />
		<property name="suffix" value=".jsp" />
	</bean>





	<!-- <import resource="classpath:/hibernate-persistence.xml"/> -->

 
	<mvc:resources mapping="/css/**" location="/css/" />

	<mvc:resources mapping="/fonts/**" location="/fonts/" />
	<mvc:resources mapping="/js/**" location="/js/" />
	<mvc:resources mapping="/Graphics/**" location="/Graphics/" />
<!-- <mvc:resources mapping="/bootstrap/**" location="/js/" />
	<mvc:resources mapping="/img/**" location="/img/" />
	<mvc:resources mapping="/assets/**" location="/assets/" />
 -->



	<!-- supply loc -->
	<!-- <context:property-placeholder location="classpath:/database.properties" /> -->
	<!-- DS bean -->

	<!-- <bean id="propertyConfigurer"
		class="org.springframework.beans.factory.config.PropertyPlaceholderConfigurer">
		<property name="locations">
			<list>
				<value>classpath:/database.properties</value>
			</list>
		</property>

		<property name="ignoreResourceNotFound" value="true" />
		<property name="searchSystemEnvironment" value="true" />
		<property name="systemPropertiesModeName" value="SYSTEM_PROPERTIES_MODE_OVERRIDE" />
	</bean>



	<bean id="dataSource" class="org.apache.commons.dbcp.BasicDataSource"
		p:driverClassName="${driver}"
		p:url="jdbc:mysql://${ip}:${port}/${database}"
		p:username="${username}" p:password="${password}" p:age is ="${age}"
		p:initialSize="1" p:maxActive="2" destroy-method="close">
	</bean>
	
	
	configure Hibernate 4 specific local session factory bean
	<bean id="sessionFactory"
		class="org.springframework.orm.hibernate4.LocalSessionFactoryBean"
		p:packagesToScan="com.app.pojo" p:dataSource-ref="dataSource">
		<property name="hibernateProperties">
			<value>
				hibernate.dialect=${dialect}
				hibernate.format_sql=true
				hibernate.show_sql=true
				hibernate.hbm2ddl.auto=update
			</value>
		</property>
	</bean>
	configure tx mgr bean
	<bean id="transactionManager"
		class="org.springframework.orm.hibernate4.HibernateTransactionManager"
		p:sessionFactory-ref="sessionFactory">
	</bean>
	enable tx annotation suuport
	<tx:annotation-driven />
	
	<bean id="entityManagerFactory" class="org.springframework.orm.jpa.LocalEntityManagerFactoryBean">
    <property name="persistenceUnitName" value="educationPU" />
</bean>

<bean id="transactionManager" class="org.springframework.orm.jpa.JpaTransactionManager">
    <property name="entityManagerFactory" ref="entityManagerFactory" />
</bean>

<bean class="org.springframework.orm.jpa.support.PersistenceAnnotationBeanPostProcessor" />
	
	
	<bean id="entityManagerFactory"
      class="org.springframework.orm.jpa.LocalContainerEntityManagerFactoryBean">
		    <property name="dataSource" ref="dataSource"/>
		    <property name="packagesToScan" value="com.app"/>
		    <property name="jpaVendorAdapter" ref="hibernateVendorAdapter"/>
		    <property name="jpaDialect" ref="jpaDialect"/>
		    <property name="jpaProperties">
		        <props>
		            <prop key="hibernate.enable_lazy_load_no_trans">true</prop>
		        </props>
		    </property>
    </bean>
 -->
</beans>